variable,count,mean,std,min,25%,50%,75%,max,original
dummy1,1000.0,0.00018859555594295045,0.009647491892053736,-0.0312675551076893,-0.0063874961972113994,0.0005138768831667001,0.006488621376842424,0.0284609717257353,0.0091827089481597
dummy2,1000.0,-0.00012206897750933197,0.011788826819046121,-0.0428065973361242,-0.008114646619585324,9.948954585146063e-05,0.00821274755080965,0.0398111576696535,0.0147781130188526
x1,1000.0,-0.006563135293166976,3.0075800263847112,-9.873452722093868,-2.005808019018136,0.0662487147004222,1.967773576272016,28.205121402782755,28.205121402782755
x2,1000.0,0.07794243544815979,7.833313920891474,-21.08921694007677,-4.925698763664188,-0.19384250850034163,5.040675208205121,75.05126899196846,75.05126899196846
x3,1000.0,0.08917154538667527,1.8839972273146344,-5.638098248857993,-1.0641345488428118,0.15094932868742378,1.4036850626577664,17.755197618219263,17.755197618219263
