variable,count,mean,std,min,25%,50%,75%,max,original
dummy1,1000.0,-5.37813880772669e-05,0.013143705807472735,-0.0407602754931152,-0.009032230534155049,0.00019975819299485,0.00869016672780715,0.0477790890110583,0.0159784562860334
dummy2,1000.0,0.0003316809092388903,0.01210737257124911,-0.0446997377779538,-0.007483073596341075,-1.2840341904407637e-05,0.0084070916302265,0.0359244413443633,-0.0146503092608512
x1,1000.0,0.03428964640857983,2.8967870577214794,-8.113201576138495,-1.9132090085258846,0.11202376619714315,1.9152043202711433,28.20694165042233,28.20694165042233
x2,1000.0,0.16780549170598508,8.035039825938139,-21.02647225861979,-5.053986922331032,0.1516845334204745,5.088337876204793,75.05115691331649,75.05115691331649
x3,1000.0,0.010540680261286973,1.9258102645592619,-6.308168474380739,-1.2358386260041936,-0.0928771205918579,1.3231799715969084,17.75735436049258,17.75735436049258
